{"cameraMode":{"drawMode":0,"name":"Shaded","section":"Shading Mode"},"sceneLighting":true,"audioPlay":false,"sceneViewState":{"m_AlwaysRefresh":false,"showFog":true,"showSkybox":true,"showFlares":true,"showImageEffects":true,"showParticleSystems":true,"showVisualEffectGraphs":true,"m_FxEnabled":true},"in2DMode":false,"pivot":{"x":-0.46439850330352785,"y":1.2033236026763917,"z":-0.04196786880493164},"rotation":{"x":0.2548728585243225,"y":0.45095664262771609,"z":-0.13610215485095979,"w":0.8445063829421997},"size":3.7278871536254885,"orthographic":false}